Nom,Code,Domaine,Description,Cycle de vie,Santé,Criticité,DICP,Hébergement,Technologies,Équipe,Statut CAO,Date CAO,Conformité SSI,Dette technique (1-5),Version,Prochain jalon,Date jalon,Fin de support,Notes
Atlas,ATL,Gares & Réseau,Référentiel des gares et points d'arrêt,Run,OK,Élevée,3-3-3-2,Cloud AWS,Java 17 · PostgreSQL,Squad Référentiels,Validé,2025-11-18,Conforme,2,4.2.1,Montée de version PostgreSQL 16,2026-11-20,2028-06-30,
Horizon,HZN,Voyageurs,"Information voyageurs temps réel (retards, voies)",Run,Vigilance,Critique,4-4-3-3,Cloud AWS,Kotlin · Kafka · Redis,Squad Info Voyageurs,Validé,2025-06-12,Écarts,3,7.0.4,Bascule multi-AZ,2026-10-28,2029-01-31,
Cadence,CAD,Production,Planification des roulements conducteurs,Build,OK,Élevée,3-4-3-3,Cloud Azure,Python · FastAPI · Angular,Squad Production,En cours,2026-10-22,À évaluer,2,0.9.0,Mise en production lot 1,2026-12-08,2030-12-31,
Vigie,VIG,Circulation,Supervision des incidents de circulation,Run,Incident,Critique,4-4-4-3,On-premise,Java 11 · Oracle,Squad Circulation,Validé,2024-09-03,Écarts,4,3.8.2,Migration Java 21,2027-02-15,2026-12-31,
Traction,TRC,Maintenance,Gestion de la maintenance du matériel roulant,Run,OK,Élevée,3-3-3-2,On-premise,SAP PM · ABAP,Pôle Maintenance,Validé,2024-03-21,Conforme,3,S4-2023,Étude migration S/4 Cloud,2027-03-31,2027-12-31,
Billetique Pro,BPR,Distribution,Vente et facturation B2B entreprises,Run,OK,Élevée,3-3-4-4,Cloud AWS,Node.js · React · DynamoDB,Squad Distribution,Validé,2025-02-10,Conforme,2,5.3.0,Ouverture API partenaires,2026-11-12,2029-06-30,
Quai,QAI,Voyageurs,Pilotage de l'affichage sur les quais,Run,Vigilance,Critique,4-3-3-2,Hybride,C# .NET 8 · SQL Server,Squad Info Voyageurs,Validé,2025-04-08,Conforme,3,2.11.0,Remplacement afficheurs lot Sud-Est,2026-10-20,2028-09-30,
Sigma,SGM,Gares & Réseau,Référentiel de l'infrastructure ferroviaire,Run,OK,Élevée,3-3-4-3,Cloud Azure,Java 17 · Neo4j,Squad Référentiels,Validé,2025-09-30,Conforme,2,6.1.0,Publication du modèle v7,2027-01-20,2029-12-31,
Fretlink,FRL,Fret,Suivi des wagons et des convois fret,Run,OK,Moyenne,2-3-3-2,SaaS,Plateforme éditeur,Pôle Fret,Validé,2024-11-14,Conforme,2,2026.2,Renouvellement du contrat éditeur,2027-04-01,2027-04-01,
Talents,TAL,RH,Gestion des compétences et habilitations,Run,OK,Moyenne,2-3-4-4,SaaS,Plateforme éditeur,Pôle RH,Validé,2025-05-19,Conforme,1,2026.3,Interface habilitations sécurité,2026-12-15,2028-12-31,
Équilibre,EQL,Finance,Consolidation budgétaire et refacturation,Run,OK,Moyenne,2-2-4-4,On-premise,Java 8 · Oracle · BO,Pôle Finance,Validé,2023-10-02,Écarts,5,1.14.7,Décision cible : refonte ou SaaS,2026-11-05,2026-12-31,
Sourcing,SRC,Achats,Gestion des appels d'offres fournisseurs,Projet,OK,Faible,2-2-3-3,SaaS,Plateforme éditeur,Pôle Achats,À passer,2026-11-26,À évaluer,1,—,Passage en CAO,2026-11-26,2031-12-31,
Docuref,DOC,Transverse,GED documentaire technique,Run,Vigilance,Moyenne,2-3-3-3,On-premise,Alfresco 6 · PostgreSQL,Squad Socle,Validé,2022-06-14,Écarts,4,6.2,Migration vers la GED groupe,2027-06-30,2026-12-31,
Maintenir,MNT,Maintenance,GMAO des installations fixes,Build,OK,Élevée,3-3-3-3,Cloud Azure,Java 21 · Spring · React,Pôle Maintenance,En cours,2026-10-15,À évaluer,1,0.6.0,Pilote sur 2 établissements,2027-01-12,2031-06-30,
Mobilité Agents,MOB,Production,Application mobile des agents de terrain,Run,OK,Élevée,3-3-3-3,Cloud AWS,Flutter · GraphQL,Squad Production,Validé,2025-08-26,Conforme,2,3.4.0,Mode hors ligne complet,2026-12-01,2029-08-31,
Flux,FLX,Data,Plateforme data et datalake,Run,OK,Élevée,3-3-3-4,Cloud AWS,Spark · S3 · Glue · Airflow,Squad Data,Validé,2025-10-07,Conforme,2,2.0.0,Ouverture au self-service BI,2026-11-30,2030-12-31,
Passe,PAS,Transverse,Gestion des identités et des accès (IAM),Run,OK,Critique,4-4-4-4,Hybride,Keycloak · LDAP,Squad Socle,Validé,2025-03-17,Conforme,3,24.0,Généralisation MFA,2026-10-31,2028-03-31,
Échangeur,ECH,Transverse,API management et passerelle d'échanges,Run,OK,Critique,4-4-3-3,Cloud Azure,Azure APIM · Kong,Squad Socle,Validé,2025-07-01,Conforme,2,3.2,Catalogue d'API unifié,2027-02-28,2029-12-31,
Boussole,BSL,Pilotage,Tableaux de bord de pilotage (BI),Run,OK,Faible,1-2-3-2,Cloud Azure,Power BI · Synapse,Squad Data,Validé,2024-12-09,Conforme,2,—,Rationalisation des rapports,2027-01-31,2029-06-30,
Mémoire,MEM,Transverse,Archivage légal des documents,Décommissionnement,Vigilance,Faible,1-2-4-3,On-premise,Documentum · Solaris,Squad Socle,Validé,2021-05-11,Écarts,5,7.3,Arrêt définitif après reprise des archives,2027-03-31,2026-12-31,
