Titre,Clé,Application,Type,Statut,Priorité,Échéance,Porteur,Description
Lire l'offre de l'appel d'offres (3 éditeurs),SRC-1,Sourcing,Appel d'offres,En cours,Haute,2026-10-09,Pôle Achats,
Slides CAO à préparer,SRC-2,Sourcing,Slides CAO,À faire,Haute,2026-11-19,Chef de projet Sourcing,
DICP avec le métier Achats,SRC-3,Sourcing,DICP / PréK-SSI,À faire,Moyenne,2026-10-30,Pôle Achats,
DAL lot 1 à faire,CAD-4,Cadence,DAL,En cours,Haute,2026-10-14,Squad Production,
Slides CAO lot 1 à préparer,CAD-5,Cadence,Slides CAO,En cours,Critique,2026-10-16,Chef de projet Cadence,
PréK-SSI à faire valider,CAD-6,Cadence,DICP / PréK-SSI,En revue,Haute,2026-10-12,RSSI domaine,
DAT à rédiger,MNT-7,Maintenir,DAT,À faire,Moyenne,2026-11-06,Pôle Maintenance,
Relire le DAL avant passage à l'urbanisme,MNT-8,Maintenir,Revue d'architecture,En revue,Moyenne,2026-10-13,Urbanisme SI,
Note de décision : refonte ou SaaS,EQL-9,Équilibre,Note de décision,En cours,Haute,2026-11-05,Pôle Finance,
Appel d'offres SaaS finance : analyser les réponses,EQL-10,Équilibre,Appel d'offres,À faire,Haute,2026-10-23,Pôle Achats,
DAT bascule multi-AZ,HZN-11,Horizon,DAT,En cours,Haute,2026-10-21,Squad Info Voyageurs,
Atelier capacité heure de pointe avec l'exploitation,HZN-12,Horizon,Atelier / réunion,À faire,Moyenne,2026-10-10,Exploitation,
Note de décision : sortie de Java 11,VIG-13,Vigie,Note de décision,À faire,Haute,2026-10-29,Squad Circulation,
Appui sur l'incident du flux de positions des trains,VIG-14,Vigie,Support / incident,En cours,Critique,2026-10-08,Squad Circulation,
Étude de migration vers la GED groupe,DOC-15,Docuref,Étude / veille,À faire,Moyenne,2026-12-11,Squad Socle,
Note de décision : prolongation du support Solaris,MEM-16,Mémoire,Note de décision,Bloqué,Haute,2026-10-05,Pôle Achats,
Revue d'architecture de l'API partenaires,BPR-17,Billetique Pro,Revue d'architecture,À faire,Moyenne,2026-10-27,Squad Distribution,
DICP données personnelles (RGPD),FLX-18,Flux,DICP / PréK-SSI,En cours,Moyenne,2026-11-10,DPO,
Étude de migration S/4 Cloud,TRC-19,Traction,Étude / veille,À faire,Basse,2027-01-29,Pôle Maintenance,
Lire les offres du renouvellement éditeur,FRL-20,Fretlink,Appel d'offres,À faire,Moyenne,2027-01-15,Pôle Fret,
Atelier généralisation MFA,PAS-21,Passe,Atelier / réunion,Terminé,Haute,2026-10-01,Squad Socle,
DAL du catalogue d'API unifié,ECH-22,Échangeur,DAL,À faire,Basse,2026-12-18,Squad Socle,
Appui sur la saturation disque des serveurs régionaux,QAI-23,Quai,Support / incident,Bloqué,Haute,2026-10-02,Exploitation,
Relire le DAT de montée PostgreSQL 16,ATL-24,Atlas,Revue d'architecture,À faire,Moyenne,2026-11-13,Squad Référentiels,
Slides CAO mode hors ligne,MOB-25,Mobilité Agents,Slides CAO,Terminé,Moyenne,2026-09-24,Squad Production,
Atelier modèle v7 avec les référentiels,SGM-26,Sigma,Atelier / réunion,À faire,Basse,2026-11-25,Squad Référentiels,
Revue de l'interface habilitations sécurité,TAL-27,Talents,Revue d'architecture,En cours,Moyenne,2026-10-15,Pôle RH,
Étude de rationalisation des rapports,BSL-28,Boussole,Étude / veille,À faire,Basse,2026-12-04,Squad Data,
Atelier roulements avec la production,CAD-29,Cadence,Atelier / réunion,Terminé,Moyenne,2026-10-03,Squad Production,
DICP Docuref,DOC-30,Docuref,DICP / PréK-SSI,Terminé,Basse,2026-09-30,RSSI domaine,
